mtry,ntree,MDGI
A,A,0.66
R,A,0.93
N,A,0.16
D,A,0.3
C,A,0.48
E,A,0.35
Q,A,0.44
G,A,0.85
H,A,0.1
I,A,0.96
L,A,0.7
K,A,0.53
M,A,0.39
F,A,0.27
P,A,0.49
S,A,0.26
T,A,0.33
W,A,0.26
Y,A,0.09
V,A,0.38
A,R,1.14
R,R,0.37
N,R,0.15
D,R,0.12
C,R,0.55
E,R,0.4
Q,R,0.49
G,R,0.32
H,R,0.15
I,R,0.22
L,R,1.44
K,R,0.46
M,R,0.15
F,R,0.29
P,R,0.43
S,R,0.49
T,R,0.26
W,R,0.23
Y,R,0.26
V,R,0.29
A,N,0.19
R,N,0.32
N,N,0.12
D,N,0.07
C,N,0.33
E,N,0.17
Q,N,0.22
G,N,0.27
H,N,0.09
I,N,0.08
L,N,0.31
K,N,0.35
M,N,0.05
F,N,0.04
P,N,0.11
S,N,0.28
T,N,0.1
W,N,0.06
Y,N,0.61
V,N,0.16
A,D,0.18
R,D,0.16
N,D,0.22
D,D,0.21
C,D,0.09
E,D,0.05
Q,D,0.14
G,D,0.14
H,D,0.05
I,D,0.11
L,D,0.4
K,D,0.13
M,D,0.08
F,D,0.74
P,D,0.17
S,D,0.12
T,D,0.11
W,D,0.02
Y,D,0.04
V,D,0.18
A,C,0.25
R,C,0.11
N,C,0.17
D,C,0.07
C,C,0.27
E,C,0.33
Q,C,0.06
G,C,1.17
H,C,0.01
I,C,0.75
L,C,0.41
K,C,0.99
M,C,0.01
F,C,0.35
P,C,0.58
S,C,1.62
T,C,1.65
W,C,0.15
Y,C,0.12
V,C,0.93
A,E,0.23
R,E,0.17
N,E,0.08
D,E,0.06
C,E,0.13
E,E,0.22
Q,E,0.36
G,E,0.78
H,E,0.12
I,E,0.07
L,E,0.31
K,E,0.3
M,E,0.09
F,E,0.01
P,E,0.29
S,E,0.11
T,E,0.13
W,E,0.01
Y,E,0.04
V,E,0.15
A,Q,1.23
R,Q,0.24
N,Q,0.22
D,Q,0.12
C,Q,0.03
E,Q,0.09
Q,Q,0.4
G,Q,0.33
H,Q,0.07
I,Q,0.2
L,Q,1.21
K,Q,0.45
M,Q,0.05
F,Q,0.13
P,Q,0.26
S,Q,0.14
T,Q,0.13
W,Q,0.11
Y,Q,0.15
V,Q,0.16
A,G,0.46
R,G,0.34
N,G,0.22
D,G,0.16
C,G,1.59
E,G,0.11
Q,G,0.28
G,G,0.56
H,G,0.31
I,G,1.26
L,G,1.28
K,G,0.46
M,G,0.08
F,G,0.47
P,G,1.07
S,G,0.35
T,G,0.34
W,G,0.16
Y,G,0.15
V,G,0.64
A,H,0.14
R,H,0.1
N,H,0.01
D,H,0.07
C,H,0.02
E,H,0.16
Q,H,0.5
G,H,0.29
H,H,0.17
I,H,0.44
L,H,0.19
K,H,0.19
M,H,0.01
F,H,0.24
P,H,0.18
S,H,0.52
T,H,0.07
W,H,0.12
Y,H,0.2
V,H,0.24
A,I,0.68
R,I,0.31
N,I,0.12
D,I,0.65
C,I,0.19
E,I,0.04
Q,I,0.2
G,I,1
H,I,0.38
I,I,1.16
L,I,0.54
K,I,4.08
M,I,0.16
F,I,0.21
P,I,0.53
S,I,0.4
T,I,0.35
W,I,0.22
Y,I,0.19
V,I,0.4
A,L,0.8
R,L,0.83
N,L,0.2
D,L,0.19
C,L,0.49
E,L,0.54
Q,L,0.59
G,L,1.5
H,L,0.44
I,L,0.68
L,L,0.93
K,L,1.03
M,L,0.13
F,L,1.48
P,L,0.79
S,L,0.48
T,L,0.41
W,L,0.17
Y,L,0.18
V,L,0.53
A,K,2.15
R,K,0.54
N,K,0.17
D,K,0.13
C,K,1.02
E,K,0.2
Q,K,0.29
G,K,1.2
H,K,0.02
I,K,2.4
L,K,1.79
K,K,4.85
M,K,0.1
F,K,1.55
P,K,0.16
S,K,0.82
T,K,0.13
W,K,1
Y,K,0.31
V,K,0.43
A,M,0.21
R,M,0.07
N,M,0.11
D,M,0.12
C,M,0.03
E,M,0.07
Q,M,0.07
G,M,0.32
H,M,0
I,M,0.11
L,M,0.06
K,M,0.11
M,M,0.07
F,M,0.02
P,M,0.05
S,M,0.06
T,M,0.13
W,M,0.08
Y,M,0.01
V,M,0.05
A,F,0.23
R,F,0.41
N,F,0.09
D,F,0.28
C,F,0.52
E,F,0.11
Q,F,0.25
G,F,0.24
H,F,0.18
I,F,0.4
L,F,1.57
K,F,0.76
M,F,0.05
F,F,0.33
P,F,0.19
S,F,0.12
T,F,0.15
W,F,0.05
Y,F,0.01
V,F,0.19
A,P,1.09
R,P,0.46
N,P,0.13
D,P,0.3
C,P,0.15
E,P,0.13
Q,P,0.15
G,P,0.45
H,P,0.09
I,P,1.94
L,P,0.63
K,P,0.15
M,P,0.15
F,P,0.27
P,P,1.31
S,P,0.31
T,P,0.14
W,P,0.14
Y,P,0.24
V,P,0.22
A,S,0.5
R,S,0.2
N,S,0.09
D,S,0.2
C,S,0.76
E,S,0.41
Q,S,0.12
G,S,0.44
H,S,0.19
I,S,0.72
L,S,0.54
K,S,0.39
M,S,0.14
F,S,0.12
P,S,0.29
S,S,0.63
T,S,0.19
W,S,0.26
Y,S,0.15
V,S,0.62
A,T,0.24
R,T,0.33
N,T,0.13
D,T,0.1
C,T,0.63
E,T,0.16
Q,T,0.19
G,T,0.34
H,T,0.27
I,T,0.19
L,T,0.56
K,T,0.87
M,T,0.1
F,T,0.13
P,T,0.24
S,T,0.15
T,T,0.28
W,T,0.04
Y,T,0.06
V,T,0.32
A,W,0.09
R,W,0.13
N,W,0.04
D,W,0.06
C,W,0.05
E,W,0.11
Q,W,0.14
G,W,0.22
H,W,0.4
I,W,0.11
L,W,0.29
K,W,0.67
M,W,0.03
F,W,0.04
P,W,0.38
S,W,0.21
T,W,0.03
W,W,0.12
Y,W,0.01
V,W,0.15
A,Y,0.1
R,Y,0.07
N,Y,0.15
D,Y,0.26
C,Y,2.79
E,Y,0.03
Q,Y,0.03
G,Y,0.06
H,Y,0.11
I,Y,0.2
L,Y,0.15
K,Y,0.21
M,Y,0.1
F,Y,0.12
P,Y,0.06
S,Y,0.28
T,Y,0.29
W,Y,0.1
Y,Y,0.14
V,Y,0.07
A,V,0.33
R,V,0.23
N,V,0.13
D,V,0.1
C,V,1.11
E,V,0.12
Q,V,0.15
G,V,0.55
H,V,0.72
I,V,0.56
L,V,0.78
K,V,2.08
M,V,0.02
F,V,0.25
P,V,0.54
S,V,0.31
T,V,0.28
W,V,0.12
Y,V,0.08
V,V,0.55
